keyword,mean_tfidf
love,0.013592323967358173
people,0.011734506808676047
feel,0.011133391472032716
think,0.010523411715055626
need,0.009764457476335529
play,0.009299715451228749
work,0.008449883094015698
pixelary,0.008285714285714271
fun,0.008181656352543488
help,0.00795021258588812
free,0.007505206432578559
game,0.007252402146181785
life,0.00716390008357992
interested,0.006916480130899153
chat,0.006820777944238819
talk,0.006098072970609209
guys,0.005905249798778643
message,0.005885059864570594
farmmergevalley,0.005785714285714277
pretty,0.0055962513287472326
share,0.005576735533634705
hey,0.0055341264896688796
guy,0.005480126228623798
friends,0.005420806002400544
today,0.005394403298305706
doing,0.0052603645365900936
start,0.005150488470537019
hope,0.005082932999509823
christmas,0.00498979086721194
tell,0.0049735816261606775
days,0.0048938277622200535
man,0.004825400996620923
kinks,0.004791437023508383
wanted,0.004758784423995133
happy,0.004714401669187622
home,0.00467453444511175
age,0.004673778054463837
video,0.004667226611820269
body,0.004644356714457935
hard,0.004612679946507336
having,0.0046039186850793746
ask,0.004595237093703653
thanks,0.004584778126101466
girl,0.0045716851594444306
enjoy,0.004557226116331543
person,0.004541344837882713
swordandsuppergame,0.0044999999999999945
link,0.004492277839963552
bad,0.004489983646263599
app,0.00448449009094095
