word,frequency
people,2650
love,2636
feel,2475
think,2037
need,1808
play,1710
work,1623
life,1609
help,1336
free,1331
game,1178
fun,1132
body,975
man,950
message,944
feels,937
talk,933
home,918
world,916
app,912
start,911
interested,900
days,891
share,891
doing,890
friends,889
hard,879
chat,864
pretty,861
wanted,855
different,851
started,845
person,833
utm,833
small,832
thought,818
mind,817
having,814
away,792
tell,775
experience,764
making,756
night,750
place,749
woman,747
kinks,747
clean,743
makes,740
high,736
fit,735
