pair_id,distance,pred,label
0,nan,0.30666303634643555,0
1,nan,0.5762163400650024,1
2,nan,0.7986875176429749,0
3,nan,0.8536118268966675,1
4,nan,0.5397111773490906,0
5,nan,0.6881200075149536,0
6,nan,0.6202837228775024,1
7,nan,0.5011708736419678,0
8,nan,0.546354353427887,1
9,nan,0.9200119376182556,0
10,nan,0.7723726034164429,1
11,nan,0.3906160593032837,0
12,nan,0.6833482384681702,0
13,nan,0.6318206787109375,1
14,nan,0.9734114408493042,1
15,nan,0.6497008204460144,1
16,nan,0.8581164479255676,1
17,nan,0.9040440320968628,1
18,nan,0.36206597089767456,0
19,nan,0.3746106028556824,0
20,nan,0.3700670897960663,1
21,nan,0.688702404499054,0
22,nan,0.5335316061973572,0
23,nan,0.617567777633667,0
24,nan,0.3635692000389099,0
25,nan,0.9407357573509216,1
26,nan,0.7648550271987915,0
27,nan,0.9487496614456177,1
28,nan,0.36969321966171265,1
29,nan,0.30248433351516724,1
30,nan,0.6629738211631775,1
31,nan,0.7149465680122375,1
32,nan,0.8190785646438599,1
33,nan,0.6430715322494507,1
34,nan,0.6079986691474915,0
35,nan,0.44585493206977844,1
36,nan,0.30619075894355774,0
37,nan,0.5967901945114136,0
38,nan,0.42349037528038025,0
39,nan,0.713538408279419,1
40,nan,0.5230772495269775,1
41,nan,0.5987159013748169,0
42,nan,0.836911141872406,1
43,nan,0.7937091588973999,1
44,nan,0.389946311712265,0
45,nan,0.78233402967453,1
46,nan,0.6070187091827393,1
47,nan,0.20287662744522095,1
48,nan,0.6229374408721924,1
49,nan,0.07501234114170074,0
50,nan,0.8146617412567139,0
51,nan,0.8696379065513611,1
52,nan,0.483617901802063,0
53,nan,0.37036770582199097,1
54,nan,0.47682124376296997,1
55,nan,0.7209295630455017,0
56,nan,0.7185235023498535,0
57,nan,0.0758952721953392,0
58,nan,0.4141682982444763,0
59,nan,0.5915056467056274,1
60,nan,0.32437700033187866,0
61,nan,0.9282596111297607,1
62,nan,0.44665345549583435,0
63,nan,0.5831006765365601,0
64,nan,0.07446584105491638,0
65,nan,0.26125866174697876,0
66,nan,0.47120532393455505,1
67,nan,0.40755587816238403,0
68,nan,0.9717269539833069,1
69,nan,0.3681046962738037,0
70,nan,0.8372181057929993,0
71,nan,0.7977591753005981,1
72,nan,0.4126914143562317,0
73,nan,0.8369840979576111,0
74,nan,0.47134312987327576,1
75,nan,0.44943827390670776,1
76,nan,0.4662516713142395,0
77,nan,0.8703594207763672,1
78,nan,0.7730612754821777,1
79,nan,0.647708535194397,0
80,nan,0.9081252813339233,1
81,nan,0.7885839343070984,1
82,nan,0.4902884364128113,0
83,nan,0.7769067287445068,0
84,nan,0.498482346534729,0
85,nan,0.21643757820129395,0
86,nan,0.19630129635334015,0
87,nan,0.8331825733184814,1
88,nan,0.8177157640457153,1
89,nan,0.32193344831466675,0
90,nan,0.1920437514781952,0
91,nan,0.8415367007255554,0
92,nan,0.966175377368927,1
93,nan,0.31750044226646423,1
94,nan,0.5131696462631226,0
95,nan,0.39738765358924866,0
96,nan,0.49222102761268616,1
97,nan,0.5319287180900574,0
98,nan,0.3975033462047577,0
99,nan,0.131604865193367,0
100,nan,0.3655250072479248,1
101,nan,0.7635816335678101,1
102,nan,0.982821524143219,1
103,nan,0.8155496716499329,0
104,nan,0.7677264213562012,1
105,nan,0.7519986629486084,1
106,nan,0.9075057506561279,1
107,nan,0.9575145244598389,1
108,nan,0.5218902230262756,1
109,nan,0.8485522866249084,1
110,nan,0.6154389977455139,1
111,nan,0.41433650255203247,0
112,nan,0.4137771725654602,0
113,nan,0.5249762535095215,0
114,nan,0.7828793525695801,1
115,nan,0.777458906173706,1
116,nan,0.5845000743865967,0
117,nan,0.782133936882019,1
118,nan,0.6218916177749634,1
119,nan,0.43526721000671387,0
120,nan,0.11451858282089233,0
121,nan,0.23787353932857513,0
122,nan,0.7970731854438782,0
123,nan,0.7235710620880127,1
124,nan,0.4946725070476532,1
125,nan,0.645498514175415,0
126,nan,0.599087655544281,1
127,nan,0.8453915119171143,1
128,nan,0.36317384243011475,0
129,nan,0.7013605237007141,1
130,nan,0.406843364238739,0
131,nan,0.452914297580719,0
132,nan,0.5355603098869324,1
133,nan,0.8176780939102173,1
134,nan,0.5853641033172607,1
135,nan,0.351321816444397,0
136,nan,0.4072874188423157,0
137,nan,0.10146088898181915,0
138,nan,0.7528015375137329,0
139,nan,0.7268736958503723,0
140,nan,0.77911776304245,0
141,nan,0.5481800436973572,1
142,nan,0.8063070178031921,0
143,nan,0.7121576070785522,1
144,nan,0.7163226008415222,0
145,nan,0.650989294052124,1
146,nan,0.9454957246780396,1
147,nan,0.789484977722168,0
148,nan,0.4909743070602417,1
149,nan,0.6390390396118164,1
150,nan,0.47432711720466614,0
151,nan,0.7311539649963379,1
152,nan,0.8943636417388916,1
153,nan,0.5290451049804688,0
154,nan,0.9180912375450134,1
155,nan,0.1827244609594345,1
156,nan,0.7731509208679199,1
157,nan,0.1853245049715042,0
158,nan,0.5508042573928833,1
159,nan,0.24070225656032562,0
160,nan,0.9387946128845215,1
161,nan,0.522508442401886,1
162,nan,0.6214373111724854,1
163,nan,0.7470321655273438,0
164,nan,0.3129405081272125,0
165,nan,0.6118924021720886,0
166,nan,0.2416003793478012,0
167,nan,0.4810842275619507,0
168,nan,0.5946877598762512,1
169,nan,0.8589247465133667,0
170,nan,0.8097788095474243,0
171,nan,0.8179638385772705,1
172,nan,0.5478168725967407,0
173,nan,0.2913627326488495,0
174,nan,0.7819376587867737,1
175,nan,0.18318696320056915,0
176,nan,0.8764910697937012,1
177,nan,0.3834349811077118,0
178,nan,0.19004055857658386,1
179,nan,0.36219871044158936,0
180,nan,0.8161436319351196,0
181,nan,0.4821849763393402,1
182,nan,0.48924657702445984,0
183,nan,0.32877135276794434,0
184,nan,0.7297736406326294,1
185,nan,0.8085538148880005,1
186,nan,0.29866668581962585,0
187,nan,0.10756717622280121,0
188,nan,0.774065375328064,0
189,nan,0.6011794805526733,0
190,nan,0.493085652589798,1
191,nan,0.737873911857605,1
192,nan,0.3610000014305115,0
193,nan,0.958035945892334,1
194,nan,0.4994024932384491,1
195,nan,0.5744031071662903,1
196,nan,0.42573636770248413,0
197,nan,0.8438462615013123,1
198,nan,0.5040448307991028,1
199,nan,0.4323030114173889,0
200,nan,0.33457982540130615,0
201,nan,0.7940523028373718,1
202,nan,0.825113832950592,1
203,nan,0.8594644665718079,1
204,nan,0.45227545499801636,1
205,nan,0.750961422920227,1
206,nan,0.48881614208221436,0
207,nan,0.5775148868560791,0
208,nan,0.2848486006259918,0
209,nan,0.9852018356323242,1
210,nan,0.24855858087539673,0
211,nan,0.8885389566421509,1
212,nan,0.3293844163417816,1
213,nan,0.8298524022102356,1
214,nan,0.44835007190704346,1
215,nan,0.4002905488014221,0
216,nan,0.6049844026565552,0
217,nan,0.7323453426361084,1
218,nan,0.46562302112579346,1
219,nan,0.7315629720687866,0
220,nan,0.27199387550354004,1
221,nan,0.9548025131225586,1
222,nan,0.5566352009773254,1
223,nan,0.6839625239372253,0
224,nan,0.6565195322036743,0
225,nan,0.2151854932308197,0
226,nan,0.8188933730125427,1
227,nan,0.6412190198898315,1
228,nan,0.29243120551109314,0
229,nan,0.8722569346427917,1
230,nan,0.036402903497219086,0
231,nan,0.8523213267326355,1
232,nan,0.48146554827690125,0
233,nan,0.7930999994277954,0
234,nan,0.29992297291755676,0
235,nan,0.6270489692687988,1
236,nan,0.38493767380714417,0
237,nan,0.9342595934867859,1
238,nan,0.7851633429527283,0
239,nan,0.7467607259750366,1
240,nan,0.7112158536911011,1
241,nan,0.3515487313270569,0
242,nan,0.3266032338142395,1
243,nan,0.7274259924888611,1
244,nan,0.7146775722503662,0
245,nan,0.3881819248199463,1
246,nan,0.8475355505943298,1
247,nan,0.4445991814136505,0
248,nan,0.2574623227119446,1
249,nan,0.5428516864776611,0
250,nan,0.6069281101226807,0
251,nan,0.8868955373764038,1
252,nan,0.8798075318336487,0
253,nan,0.9216930866241455,1
254,nan,0.5982256531715393,0
255,nan,0.44433867931365967,0
256,nan,0.8773822784423828,1
257,nan,0.9023394584655762,1
258,nan,0.1472190022468567,0
259,nan,0.20117434859275818,0
260,nan,0.8059803247451782,1
261,nan,0.22378700971603394,0
262,nan,0.5832854509353638,1
263,nan,0.7799492478370667,0
264,nan,0.8613318204879761,0
265,nan,0.353412389755249,0
266,nan,0.8891743421554565,1
267,nan,0.7559030055999756,1
268,nan,0.3661594092845917,1
269,nan,0.5312625765800476,0
270,nan,0.7917748689651489,0
271,nan,0.6096789240837097,0
272,nan,0.21611110866069794,1
273,nan,0.8999481201171875,0
274,nan,0.4963567554950714,0
275,nan,0.4560268521308899,0
276,nan,0.43743565678596497,1
277,nan,0.618760347366333,1
278,nan,0.5807254314422607,0
279,nan,0.1993284821510315,1
280,nan,0.7892879247665405,0
281,nan,0.9461448192596436,0
282,nan,0.7848052978515625,1
283,nan,0.42739373445510864,0
284,nan,0.20102351903915405,0
285,nan,0.55195152759552,1
286,nan,0.9026185274124146,1
287,nan,0.5427210927009583,0
288,nan,0.5755673050880432,1
289,nan,0.8992595672607422,1
290,nan,0.2920098900794983,0
291,nan,0.5387434959411621,0
292,nan,0.5149351954460144,0
293,nan,0.06021198630332947,0
294,nan,0.33033186197280884,1
295,nan,0.6121805906295776,1
296,nan,0.5982244610786438,1
297,nan,0.5852096080780029,0
298,nan,0.7418622374534607,0
299,nan,0.21191678941249847,1
300,nan,0.39072179794311523,1
301,nan,0.4349261522293091,1
302,nan,0.599878191947937,0
303,nan,0.8939104080200195,0
304,nan,0.8347029685974121,1
305,nan,0.6146239042282104,0
306,nan,0.7662906646728516,0
307,nan,0.772894561290741,0
308,nan,0.6854074001312256,1
309,nan,0.8010860681533813,1
310,nan,0.8364812135696411,0
311,nan,0.3127939999103546,0
312,nan,0.9535322785377502,0
313,nan,0.6714274883270264,1
314,nan,0.46623656153678894,0
315,nan,0.7643232345581055,1
316,nan,0.8494921326637268,0
317,nan,0.45679333806037903,0
318,nan,0.6272386908531189,0
319,nan,0.6429564952850342,0
320,nan,0.8328772783279419,1
321,nan,0.8154596090316772,0
322,nan,0.7072567939758301,1
323,nan,0.36993876099586487,1
324,nan,0.7784700989723206,1
325,nan,0.6598431468009949,1
326,nan,0.14999179542064667,0
327,nan,0.7944884300231934,1
328,nan,0.8142625093460083,0
329,nan,0.12433189153671265,1
330,nan,0.9503088593482971,1
331,nan,0.3344637453556061,1
332,nan,0.7407342195510864,0
333,nan,0.25249889492988586,1
334,nan,0.7895076870918274,1
335,nan,0.11393249034881592,0
336,nan,0.8564451336860657,1
337,nan,0.8725382685661316,1
338,nan,0.581791877746582,0
339,nan,0.33652982115745544,0
340,nan,0.5286181569099426,0
341,nan,0.926459014415741,1
342,nan,0.3238183557987213,0
343,nan,0.46865594387054443,1
344,nan,0.7767218351364136,1
345,nan,0.3740488290786743,0
346,nan,0.8798248171806335,1
347,nan,0.27597394585609436,0
348,nan,0.5088562965393066,0
349,nan,0.32101038098335266,1
350,nan,0.759800374507904,1
351,nan,0.7833060622215271,1
352,nan,0.8606919646263123,0
353,nan,0.45554596185684204,0
354,nan,0.5922260284423828,1
355,nan,0.7160850763320923,1
356,nan,0.7017080187797546,0
357,nan,0.4777545630931854,0
358,nan,0.6198763251304626,0
359,nan,0.3538118004798889,0
360,nan,0.9432512521743774,1
361,nan,0.7061854004859924,1
362,nan,0.284037709236145,1
363,nan,0.6330124139785767,1
364,nan,0.7335946559906006,1
365,nan,0.8450673222541809,1
366,nan,0.4504411220550537,0
367,nan,0.35481423139572144,1
368,nan,0.5986595153808594,0
369,nan,0.9123932123184204,1
370,nan,0.5830617547035217,0
371,nan,0.8229687213897705,0
372,nan,0.7704284191131592,1
373,nan,0.4865608513355255,0
374,nan,0.11189043521881104,0
375,nan,0.39082419872283936,0
376,nan,0.8416329622268677,1
377,nan,0.47759661078453064,0
378,nan,0.7734816670417786,0
379,nan,0.4012739658355713,0
380,nan,0.5143604278564453,0
381,nan,0.9834757447242737,1
382,nan,0.8045191764831543,1
383,nan,0.2805720865726471,0
384,nan,0.4172394275665283,0
385,nan,0.5265517830848694,1
386,nan,0.4903905689716339,1
387,nan,0.9777932167053223,0
388,nan,0.7545086145401001,1
389,nan,0.401144802570343,0
390,nan,0.5373814105987549,0
391,nan,0.6541774272918701,0
392,nan,0.5964708924293518,1
393,nan,0.3858371376991272,1
394,nan,0.6493935585021973,1
395,nan,0.3435305655002594,1
396,nan,0.406288206577301,0
397,nan,0.6905304789543152,0
398,nan,0.4883258640766144,1
399,nan,0.4385819733142853,1
400,nan,0.76206374168396,1
401,nan,0.6368340253829956,1
402,nan,0.6669307947158813,1
403,nan,0.7417395114898682,1
404,nan,0.9792658090591431,1
405,nan,0.464255154132843,0
406,nan,0.4273150861263275,0
407,nan,0.7088795304298401,1
408,nan,0.6745667457580566,0
409,nan,0.09988012164831161,0
410,nan,0.7003397345542908,1
411,nan,0.39917832612991333,1
412,nan,0.6454235911369324,0
413,nan,0.29340624809265137,1
414,nan,0.7163750529289246,1
415,nan,0.6289286613464355,0
416,nan,0.8557796478271484,1
417,nan,0.8345199823379517,1
418,nan,0.8945789933204651,1
419,nan,0.4856238067150116,0
420,nan,0.1456187218427658,1
421,nan,0.9588983654975891,1
422,nan,0.5757310390472412,0
423,nan,0.5467386245727539,1
424,nan,0.9617712497711182,0
425,nan,0.5546345710754395,0
426,nan,0.568018913269043,0
427,nan,0.4250076413154602,0
428,nan,0.4239729642868042,0
429,nan,0.5792187452316284,0
430,nan,0.845369815826416,1
431,nan,0.5540097951889038,0
432,nan,0.5022938847541809,0
433,nan,0.9369865655899048,1
434,nan,0.08146093040704727,0
435,nan,0.20037806034088135,0
436,nan,0.5261145830154419,0
437,nan,0.9865396618843079,1
438,nan,0.45197802782058716,1
439,nan,0.4443613290786743,0
440,nan,0.3748161792755127,1
441,nan,0.7603064179420471,1
442,nan,0.3450600504875183,0
443,nan,0.7704422473907471,1
444,nan,0.5738941431045532,0
445,nan,0.7474196553230286,1
446,nan,0.6032918095588684,1
447,nan,0.44891491532325745,0
448,nan,0.6221845149993896,1
449,nan,0.702208399772644,0
450,nan,0.7864271998405457,1
451,nan,0.5452561378479004,0
452,nan,0.8242392539978027,1
453,nan,0.6184700131416321,0
454,nan,0.24961164593696594,0
455,nan,0.21923412382602692,0
456,nan,0.8488989472389221,1
457,nan,0.5041559338569641,0
458,nan,0.17983931303024292,0
459,nan,0.6852525472640991,1
460,nan,0.9808290600776672,1
461,nan,0.6526642441749573,1
462,nan,0.9499284625053406,1
463,nan,0.6403995752334595,0
464,nan,0.49656933546066284,1
465,nan,0.844514787197113,1
466,nan,0.3359003961086273,1
467,nan,0.8083103895187378,1
468,nan,0.916688084602356,1
469,nan,0.050530314445495605,1
470,nan,0.7991160154342651,1
471,nan,0.5202648639678955,1
472,nan,0.584377646446228,1
473,nan,0.5314227342605591,0
474,nan,0.413276731967926,0
475,nan,0.16644367575645447,1
476,nan,0.8548632860183716,1
477,nan,0.8736487627029419,1
478,nan,0.9284494519233704,1
479,nan,0.569817841053009,0
480,nan,0.12136465311050415,0
481,nan,0.806603193283081,0
482,nan,0.7107411623001099,1
483,nan,0.5360411405563354,1
484,nan,0.6319148540496826,0
485,nan,0.7902781963348389,0
486,nan,0.867159366607666,1
487,nan,0.934981107711792,1
488,nan,0.8806094527244568,1
489,nan,0.5736531019210815,1
490,nan,0.6357077360153198,0
491,nan,0.8971449136734009,1
492,nan,0.22971826791763306,0
493,nan,0.8213160037994385,1
494,nan,0.9244126677513123,1
495,nan,0.6257781982421875,1
496,nan,0.5416045188903809,0
497,nan,0.4012008309364319,1
498,nan,0.33013713359832764,0
499,nan,0.4975925087928772,1
500,nan,0.6292662620544434,0
501,nan,0.9702788591384888,1
502,nan,0.3279086649417877,1
503,nan,0.9717346429824829,0
504,nan,0.4307294487953186,0
505,nan,0.5901538133621216,0
506,nan,0.5790090560913086,0
507,nan,0.8688895106315613,1
508,nan,0.5420739650726318,0
509,nan,0.507017970085144,0
510,nan,0.7255223989486694,1
511,nan,0.5949097871780396,1
512,nan,0.9604002237319946,1
513,nan,0.7032923698425293,0
514,nan,0.36762911081314087,0
515,nan,0.3239958584308624,0
516,nan,0.74701988697052,1
517,nan,0.718363881111145,1
518,nan,0.5563880801200867,0
519,nan,0.37015581130981445,0
520,nan,0.38576364517211914,0
521,nan,0.36815279722213745,1
522,nan,0.8211263418197632,0
523,nan,0.518622875213623,1
524,nan,0.3464830815792084,1
525,nan,0.7974762320518494,1
526,nan,0.731058657169342,1
527,nan,0.8093104362487793,1
528,nan,0.33898064494132996,1
529,nan,0.5120422840118408,0
530,nan,0.6050299406051636,0
531,nan,0.4331522285938263,0
532,nan,0.4881204664707184,1
533,nan,0.6317654252052307,1
534,nan,0.7630906105041504,1
535,nan,0.49644044041633606,0
536,nan,0.7659931182861328,0
537,nan,0.5341207385063171,1
538,nan,0.5919516086578369,1
539,nan,0.5512135028839111,0
540,nan,0.5879358053207397,1
541,nan,0.5065724849700928,0
542,nan,0.8432478904724121,0
543,nan,0.6563463807106018,0
544,nan,0.8059386014938354,0
545,nan,0.31602251529693604,1
546,nan,0.5185928344726562,1
547,nan,0.8896223902702332,0
548,nan,0.2501065731048584,0
549,nan,0.36953210830688477,0
550,nan,0.24650679528713226,1
551,nan,0.9485501050949097,1
552,nan,0.6726711392402649,1
553,nan,0.4102723002433777,0
554,nan,0.5183939933776855,1
555,nan,0.7772423028945923,0
556,nan,0.6880170106887817,0
557,nan,0.6775939464569092,0
558,nan,0.7057876586914062,1
559,nan,0.5873560905456543,0
560,nan,0.6942348480224609,1
561,nan,0.6571125984191895,0
562,nan,0.976864218711853,1
563,nan,0.8533203601837158,1
564,nan,0.3906279504299164,1
565,nan,0.9721741676330566,0
566,nan,0.2712165415287018,0
567,nan,0.6828375458717346,1
568,nan,0.3470720946788788,0
569,nan,0.6444287896156311,1
570,nan,0.5760915279388428,0
571,nan,0.5850979089736938,0
572,nan,0.7965972423553467,0
573,nan,0.7576600313186646,0
574,nan,0.5646032094955444,1
575,nan,0.6971971988677979,0
576,nan,0.6908053159713745,1
577,nan,0.5777103304862976,0
578,nan,0.7035675644874573,0
579,nan,0.4200548529624939,0
580,nan,0.8842253684997559,0
581,nan,0.1434202939271927,0
582,nan,0.7578336596488953,0
583,nan,0.6316478252410889,1
584,nan,0.7013565301895142,1
585,nan,0.6503852605819702,1
586,nan,0.21150076389312744,0
587,nan,0.6733839511871338,0
588,nan,0.5935115814208984,1
589,nan,0.924270749092102,1
590,nan,0.5818668603897095,0
591,nan,0.4118017554283142,1
592,nan,0.8689999580383301,0
593,nan,0.7731850743293762,0
594,nan,0.2662796080112457,0
595,nan,0.8324576020240784,1
596,nan,0.38682428002357483,0
597,nan,0.3631795644760132,0
598,nan,0.5355355739593506,1
599,nan,0.8748775720596313,1
600,nan,0.9836341142654419,1
601,nan,0.8449000120162964,1
602,nan,0.771392822265625,1
603,nan,0.3494633436203003,0
604,nan,0.6043239831924438,0
605,nan,0.1435396820306778,0
606,nan,0.7366470098495483,0
607,nan,0.8492116928100586,0
608,nan,0.4678438603878021,1
609,nan,0.30212271213531494,0
610,nan,0.35084736347198486,0
611,nan,0.99174565076828,1
612,nan,0.6604843139648438,1
613,nan,0.6382961869239807,0
614,nan,0.44134920835494995,0
615,nan,0.20200462639331818,0
616,nan,0.6277453303337097,0
617,nan,0.6690518260002136,0
618,nan,0.603316068649292,1
619,nan,0.2801925241947174,1
620,nan,0.23585647344589233,0
621,nan,0.26121804118156433,0
622,nan,0.7217833995819092,1
623,nan,0.6025317907333374,1
624,nan,0.5077711343765259,0
625,nan,0.427517831325531,0
626,nan,0.4268700182437897,0
627,nan,0.9071812033653259,0
628,nan,0.8807786703109741,1
629,nan,0.6350090503692627,0
630,nan,0.7573580741882324,1
631,nan,0.6815181970596313,0
632,nan,0.9032359719276428,1
633,nan,0.30863824486732483,0
634,nan,0.5620707869529724,1
635,nan,0.741526186466217,1
636,nan,0.39209413528442383,0
637,nan,0.4466903805732727,0
638,nan,0.6263967752456665,1
639,nan,0.6122283339500427,0
640,nan,0.5400329232215881,0
641,nan,0.8294886350631714,1
642,nan,0.7220585346221924,1
643,nan,0.7666744589805603,0
644,nan,0.3504779040813446,0
645,nan,0.30409932136535645,0
646,nan,0.8723117709159851,1
647,nan,0.43536263704299927,1
648,nan,0.9199645519256592,0
649,nan,0.7473866939544678,0
650,nan,0.42103511095046997,0
651,nan,0.45579996705055237,0
652,nan,0.47692736983299255,0
653,nan,0.6953772902488708,0
654,nan,0.8879700899124146,0
655,nan,0.6084669232368469,1
656,nan,0.9039319157600403,0
657,nan,0.2916041314601898,0
658,nan,0.7879482507705688,1
659,nan,0.931757390499115,1
660,nan,0.3353831171989441,1
661,nan,0.6865209341049194,1
662,nan,0.7681944370269775,0
663,nan,0.7323858141899109,1
664,nan,0.648747444152832,0
665,nan,0.05484762787818909,0
666,nan,0.7513049244880676,1
667,nan,0.09146841615438461,0
668,nan,0.4698081612586975,1
669,nan,0.5571238994598389,1
670,nan,0.9489743709564209,1
671,nan,0.4008404016494751,0
672,nan,0.6340245604515076,1
673,nan,0.0013215480139479041,1
674,nan,0.9236984252929688,1
675,nan,0.5460320115089417,1
676,nan,0.4177676737308502,0
677,nan,0.7859809398651123,1
678,nan,0.45641231536865234,1
679,nan,0.07730430364608765,0
680,nan,0.6600655317306519,0
681,nan,0.3034541606903076,0
682,nan,0.9670183658599854,1
683,nan,0.6978768110275269,0
684,nan,0.08951219916343689,0
685,nan,0.749937891960144,0
686,nan,0.35738176107406616,0
687,nan,0.526509702205658,0
688,nan,0.8726179599761963,0
689,nan,0.10550137609243393,0
690,nan,0.6555511951446533,1
691,nan,0.8048940896987915,1
692,nan,0.9123989939689636,1
693,nan,0.34654438495635986,0
694,nan,0.7781264781951904,0
695,nan,0.24966011941432953,0
696,nan,0.18553966283798218,1
697,nan,0.7820064425468445,0
698,nan,0.8814900517463684,1
699,nan,0.789920449256897,1
700,nan,0.011830434203147888,0
701,nan,0.822445273399353,0
702,nan,0.7574613094329834,1
703,nan,0.610752522945404,0
704,nan,0.6699751615524292,1
705,nan,0.19315750896930695,0
706,nan,0.5751978158950806,1
707,nan,0.39539122581481934,1
708,nan,0.6758246421813965,1
709,nan,0.6642307043075562,1
710,nan,0.8383165001869202,1
711,nan,0.7040567994117737,0
712,nan,0.3612617254257202,1
713,nan,0.7890419960021973,1
714,nan,0.45200806856155396,1
715,nan,0.4330267310142517,1
716,nan,0.5431311130523682,0
717,nan,0.5762587189674377,1
718,nan,0.4567684233188629,1
719,nan,0.9167147278785706,0
720,nan,0.5961530804634094,1
721,nan,0.1836431622505188,0
722,nan,0.6002295017242432,1
723,nan,0.5626730918884277,0
724,nan,0.3984562158584595,0
725,nan,0.6789790391921997,1
726,nan,0.746932327747345,1
727,nan,0.6158021688461304,1
728,nan,0.7653230428695679,1
729,nan,0.7505823373794556,1
730,nan,0.928399384021759,1
731,nan,0.8695236444473267,1
732,nan,0.8700084090232849,1
733,nan,0.7637332081794739,1
734,nan,0.4167114496231079,0
735,nan,0.9821259379386902,1
736,nan,0.11238665133714676,0
737,nan,0.7659401893615723,0
738,nan,0.8779195547103882,1
739,nan,0.5589320659637451,1
740,nan,0.7884455919265747,1
741,nan,0.6456890106201172,0
742,nan,0.5879977345466614,1
743,nan,0.8160325884819031,1
744,nan,0.4141889810562134,1
745,nan,0.9885971546173096,1
746,nan,0.7405835390090942,1
747,nan,0.0788763165473938,1
748,nan,0.6751005053520203,0
749,nan,0.45775866508483887,0
750,nan,0.7336664795875549,0
751,nan,0.8601513504981995,0
752,nan,0.8656561374664307,0
753,nan,0.6013240814208984,1
754,nan,0.7279789447784424,0
755,nan,0.8193737864494324,1
756,nan,0.7316931486129761,0
757,nan,0.4310248792171478,0
758,nan,0.8295548558235168,1
759,nan,0.4045005142688751,0
760,nan,0.4560786485671997,0
761,nan,0.7154632210731506,1
762,nan,0.9473211765289307,1
763,nan,0.45641157031059265,0
764,nan,0.28214070200920105,0
765,nan,0.1955401450395584,0
766,nan,0.2088223099708557,0
767,nan,0.4592067003250122,0
768,nan,0.5419274568557739,1
769,nan,0.5666534900665283,0
770,nan,0.592337965965271,1
771,nan,0.7435961961746216,0
772,nan,0.5169539451599121,0
773,nan,0.6839277744293213,0
774,nan,0.9347495436668396,1
775,nan,0.7694177627563477,1
776,nan,0.6789236068725586,0
777,nan,0.9084563851356506,0
778,nan,0.3833830952644348,1
779,nan,0.6674900054931641,1
780,nan,0.7851244211196899,1
781,nan,0.4912969768047333,1
782,nan,0.41979292035102844,1
783,nan,0.5639170408248901,1
784,nan,0.7668352723121643,1
785,nan,0.8207381367683411,0
786,nan,0.7909884452819824,1
787,nan,0.5070570707321167,1
788,nan,0.6201173067092896,0
789,nan,0.4793795347213745,1
790,nan,0.3807002604007721,0
791,nan,0.5021016001701355,0
792,nan,0.84483802318573,1
793,nan,0.8478667736053467,0
794,nan,0.432162880897522,1
795,nan,0.49073871970176697,1
796,nan,0.35947948694229126,1
797,nan,0.794925332069397,0
798,nan,0.6282147765159607,0
799,nan,0.764849066734314,1
800,nan,0.5746631026268005,1
801,nan,0.23021595180034637,0
802,nan,0.9206807613372803,1
803,nan,0.5754204392433167,1
804,nan,0.6640679836273193,0
805,nan,0.25996696949005127,1
806,nan,0.9690467715263367,1
807,nan,0.24130670726299286,0
808,nan,0.47556930780410767,1
809,nan,0.7040987610816956,1
810,nan,0.2666914463043213,0
811,nan,0.6563782095909119,1
812,nan,0.665162205696106,0
813,nan,0.5672372579574585,1
814,nan,0.05302940309047699,0
815,nan,0.53489750623703,0
816,nan,0.7914746999740601,0
817,nan,0.536141037940979,0
818,nan,0.9594563245773315,0
819,nan,0.7387650609016418,0
820,nan,0.12152865529060364,0
821,nan,0.7412888407707214,1
822,nan,0.2856529951095581,0
823,nan,0.3366822600364685,1
824,nan,0.5820468068122864,1
825,nan,0.8006133437156677,1
826,nan,0.2249028980731964,0
827,nan,0.4282609820365906,0
828,nan,0.5648149251937866,1
829,nan,0.8105950355529785,1
830,nan,0.7073550224304199,0
831,nan,0.9244357943534851,1
832,nan,0.864437997341156,1
833,nan,0.8888848423957825,1
834,nan,0.6850461363792419,1
835,nan,0.7402853965759277,1
836,nan,0.6473278999328613,1
837,nan,0.22361604869365692,0
838,nan,0.888638436794281,1
839,nan,0.3652264177799225,0
840,nan,0.5436586737632751,1
841,nan,0.49933886528015137,1
842,nan,0.12608739733695984,0
843,nan,0.7761551141738892,1
844,nan,0.7909764647483826,1
845,nan,0.7463676929473877,1
846,nan,0.27401411533355713,1
847,nan,0.12971551716327667,0
848,nan,0.47870826721191406,0
849,nan,0.8415862321853638,1
850,nan,0.5038409233093262,0
851,nan,0.8779224157333374,1
852,nan,0.509137749671936,1
853,nan,0.5730929970741272,1
854,nan,0.6253581643104553,1
855,nan,0.5144811272621155,0
856,nan,0.758281946182251,0
857,nan,0.9678596258163452,1
858,nan,0.5926210880279541,1
859,nan,0.42140260338783264,0
860,nan,0.39032357931137085,1
861,nan,0.34354710578918457,1
862,nan,0.9227706789970398,1
863,nan,0.7716265916824341,0
864,nan,0.9795703291893005,0
865,nan,0.3215271830558777,1
866,nan,0.8029231429100037,1
867,nan,0.05276830866932869,0
868,nan,0.34610575437545776,1
869,nan,0.6523035764694214,0
870,nan,0.8403022289276123,1
871,nan,0.8268647193908691,0
872,nan,0.0018990198150277138,0
873,nan,0.25682833790779114,0
874,nan,0.953432023525238,1
875,nan,0.6650591492652893,1
876,nan,0.43105238676071167,1
877,nan,0.9894940257072449,1
878,nan,0.746809720993042,1
879,nan,0.557965099811554,0
880,nan,0.3986108899116516,0
881,nan,0.6960877776145935,0
882,nan,0.6129484176635742,0
883,nan,0.16613319516181946,0
884,nan,0.6058966517448425,1
885,nan,0.36441588401794434,0
886,nan,0.9140121340751648,1
887,nan,0.3410356044769287,0
888,nan,0.8094242811203003,1
889,nan,0.5028216242790222,1
890,nan,0.5172159671783447,0
891,nan,0.6794383525848389,0
892,nan,0.6830183863639832,1
893,nan,0.410270631313324,1
894,nan,0.27021509408950806,1
895,nan,0.7434866428375244,0
896,nan,0.7303978204727173,1
897,nan,0.4830785393714905,0
898,nan,0.33394068479537964,1
899,nan,0.8759844899177551,1
900,nan,0.7595465779304504,1
901,nan,0.5752213001251221,0
902,nan,0.6408140659332275,0
903,nan,0.49688607454299927,1
904,nan,0.6282520294189453,1
905,nan,0.4086082875728607,0
906,nan,0.41714394092559814,0
907,nan,0.8195000886917114,1
908,nan,0.5796325206756592,0
909,nan,0.7076297998428345,0
910,nan,0.6995135545730591,0
911,nan,0.5015195608139038,0
912,nan,0.34623557329177856,0
913,nan,0.592659592628479,0
914,nan,0.8975537419319153,1
915,nan,0.768948495388031,1
916,nan,0.8559306859970093,1
917,nan,0.31099000573158264,0
918,nan,0.7014493942260742,0
919,nan,0.00075902248499915,0
920,nan,0.8026714324951172,0
921,nan,0.5372241735458374,0
922,nan,0.5714786052703857,1
923,nan,0.8966376781463623,1
924,nan,0.8192596435546875,1
925,nan,0.24419160187244415,0
926,nan,0.8381599187850952,1
927,nan,0.37732791900634766,1
928,nan,0.6173679232597351,1
929,nan,0.02183312550187111,0
930,nan,0.315097838640213,0
931,nan,0.86885666847229,0
932,nan,0.38999658823013306,0
933,nan,0.5974557399749756,0
934,nan,0.9489797949790955,1
935,nan,0.42935699224472046,1
936,nan,0.6019960641860962,1
937,nan,0.57276850938797,0
938,nan,0.5823242664337158,1
939,nan,0.6910017728805542,0
940,nan,0.5182639360427856,0
941,nan,0.5319685935974121,0
942,nan,0.7842257618904114,1
943,nan,0.5482749342918396,0
944,nan,0.7176750898361206,0
945,nan,0.12516482174396515,0
946,nan,0.4732019901275635,0
947,nan,0.4929490387439728,0
948,nan,0.7555487155914307,1
949,nan,0.8173814415931702,0
950,nan,0.7485267519950867,0
951,nan,0.38814282417297363,1
952,nan,0.08931639045476913,0
953,nan,0.9731990694999695,1
954,nan,0.9180928468704224,0
955,nan,0.8316017389297485,0
956,nan,0.7250062227249146,0
957,nan,0.7772176265716553,1
958,nan,0.4562408924102783,1
959,nan,0.44594094157218933,0
960,nan,0.7788282632827759,1
961,nan,0.8201189041137695,1
962,nan,0.8565678596496582,0
963,nan,0.8851651549339294,1
964,nan,0.43756103515625,0
965,nan,0.25913724303245544,0
966,nan,0.5110082626342773,1
967,nan,0.9054683446884155,1
968,nan,0.2811151146888733,1
969,nan,0.7739307880401611,1
970,nan,0.27664777636528015,1
971,nan,0.38900166749954224,0
972,nan,0.2676965892314911,1
973,nan,0.7075819969177246,1
974,nan,0.05148782581090927,0
975,nan,0.4341506361961365,1
976,nan,0.5054856538772583,1
977,nan,0.4437910318374634,0
978,nan,0.06641185283660889,0
979,nan,0.5733996033668518,0
980,nan,0.2558506429195404,1
981,nan,0.611253023147583,1
982,nan,0.7259451746940613,0
983,nan,0.41716617345809937,1
984,nan,0.8605008721351624,1
985,nan,0.584277868270874,1
986,nan,0.4327179491519928,1
987,nan,0.1536545753479004,0
988,nan,0.37394726276397705,0
989,nan,0.9207074046134949,1
990,nan,0.5765089988708496,1
991,nan,0.10334046185016632,0
992,nan,0.822701632976532,1
993,nan,0.6156213283538818,0
994,nan,0.32328951358795166,0
995,nan,0.9393738508224487,1
996,nan,0.7828301191329956,0
997,nan,0.7600233554840088,1
998,nan,0.735801100730896,0
999,nan,0.7408433556556702,1
1000,nan,0.7104847431182861,1
1001,nan,0.6990311145782471,1
1002,nan,0.42475777864456177,1
1003,nan,0.3504280149936676,1
1004,nan,0.7577440142631531,1
1005,nan,0.7551396489143372,1
1006,nan,0.3300454914569855,0
1007,nan,0.9292284250259399,0
1008,nan,0.4482054114341736,0
1009,nan,0.516890287399292,1
1010,nan,0.45245906710624695,1
1011,nan,0.6835743188858032,0
1012,nan,0.4187741279602051,0
1013,nan,0.646915853023529,1
1014,nan,0.9699562191963196,1
1015,nan,0.9735696315765381,1
1016,nan,0.8109596967697144,1
1017,nan,0.429961621761322,0
1018,nan,0.4020755887031555,1
1019,nan,0.7300301790237427,1
1020,nan,0.1967267096042633,1
1021,nan,0.18671727180480957,1
1022,nan,0.9174635410308838,1
1023,nan,0.7155320048332214,1
1024,nan,0.8938360214233398,0
1025,nan,0.4744125008583069,0
1026,nan,0.4509640336036682,0
1027,nan,0.17442332208156586,1
1028,nan,0.3224390745162964,0
1029,nan,0.30931293964385986,0
1030,nan,0.5130426287651062,0
1031,nan,0.13039259612560272,1
1032,nan,0.5712612271308899,0
1033,nan,0.5742051005363464,1
1034,nan,0.829121470451355,1
1035,nan,0.47741395235061646,0
1036,nan,0.5718040466308594,1
1037,nan,0.9307525157928467,1
1038,nan,0.6837410926818848,0
1039,nan,0.6768609285354614,1
1040,nan,0.19891758263111115,0
1041,nan,0.6097120642662048,0
1042,nan,0.7288882732391357,1
1043,nan,0.8454999923706055,0
1044,nan,0.06905853748321533,0
1045,nan,0.5697232484817505,0
1046,nan,0.5846112370491028,1
1047,nan,0.30313166975975037,1
1048,nan,0.8269636631011963,1
1049,nan,0.30675017833709717,1
1050,nan,0.6978962421417236,1
1051,nan,0.4920133650302887,0
1052,nan,0.5918575525283813,1
1053,nan,0.4775558412075043,0
1054,nan,0.31697529554367065,0
1055,nan,0.18961204588413239,0
1056,nan,0.7867016196250916,0
1057,nan,0.7250510454177856,0
1058,nan,0.9032913446426392,0
1059,nan,0.34097033739089966,1
1060,nan,0.257779061794281,0
1061,nan,0.1927678883075714,0
1062,nan,0.5122035145759583,0
1063,nan,0.6610462069511414,0
1064,nan,0.8254859447479248,0
1065,nan,0.8474498391151428,0
1066,nan,0.001498359371908009,0
1067,nan,0.7241950035095215,1
1068,nan,0.3570006489753723,1
1069,nan,0.5297817587852478,1
1070,nan,0.4661106765270233,1
1071,nan,0.8386597633361816,0
1072,nan,0.5285000205039978,1
1073,nan,0.5951463580131531,0
1074,nan,0.8880174160003662,1
1075,nan,0.9123519062995911,1
1076,nan,0.5748077034950256,1
1077,nan,0.16030257940292358,1
1078,nan,0.7043604850769043,1
1079,nan,0.18140268325805664,1
1080,nan,0.9397920966148376,1
1081,nan,0.26210102438926697,0
1082,nan,0.6241128444671631,1
1083,nan,0.17944872379302979,1
1084,nan,0.451288104057312,0
1085,nan,0.4718964695930481,1
1086,nan,0.9829486608505249,1
1087,nan,0.7167282700538635,0
1088,nan,0.8390684127807617,1
1089,nan,0.7084368467330933,1
1090,nan,0.5604873299598694,0
1091,nan,0.853019118309021,0
1092,nan,0.7030945420265198,1
1093,nan,0.677017092704773,0
1094,nan,0.7454923987388611,0
1095,nan,0.3841055631637573,0
1096,nan,0.611307680606842,1
1097,nan,0.5986769199371338,1
1098,nan,0.04575200751423836,1
1099,nan,0.6244996190071106,0
1100,nan,0.23522552847862244,1
1101,nan,0.42934638261795044,0
1102,nan,0.3218170702457428,1
1103,nan,0.37528693675994873,0
1104,nan,0.7276849746704102,0
1105,nan,0.6488774418830872,0
1106,nan,0.9364219307899475,1
1107,nan,0.40428969264030457,0
1108,nan,0.7329078912734985,1
1109,nan,0.45525723695755005,1
1110,nan,0.8991462588310242,1
1111,nan,0.17628535628318787,0
1112,nan,0.8642929792404175,1
1113,nan,0.7524075508117676,0
1114,nan,0.5743201375007629,0
1115,nan,0.9633027911186218,1
1116,nan,0.03410869464278221,0
1117,nan,0.8910563588142395,1
1118,nan,0.8750849366188049,1
1119,nan,0.9551151394844055,1
1120,nan,0.5787734985351562,1
1121,nan,0.9283512234687805,1
1122,nan,0.8147198557853699,1
1123,nan,0.23888185620307922,1
1124,nan,0.6125478744506836,0
1125,nan,0.4897124469280243,0
1126,nan,0.6352114081382751,1
1127,nan,0.8820765018463135,1
1128,nan,0.6373229622840881,1
1129,nan,0.6335253119468689,1
1130,nan,0.39684104919433594,1
1131,nan,0.8352854251861572,1
1132,nan,0.6023603081703186,0
1133,nan,0.22177216410636902,0
1134,nan,0.8204120993614197,1
1135,nan,0.26541516184806824,0
1136,nan,0.9190888404846191,1
1137,nan,0.8286334872245789,1
1138,nan,0.47032424807548523,1
1139,nan,0.6726875901222229,1
1140,nan,0.16813315451145172,0
1141,nan,0.6769980192184448,1
1142,nan,0.4832916855812073,0
1143,nan,0.850902795791626,1
1144,nan,0.1454174816608429,0
1145,nan,0.9645295739173889,1
1146,nan,0.82009357213974,0
1147,nan,0.27947211265563965,1
1148,nan,0.6487517952919006,1
1149,nan,0.8477627635002136,1
1150,nan,0.23879334330558777,0
1151,nan,0.1940222680568695,0
1152,nan,0.6690232157707214,1
1153,nan,0.3324681222438812,0
1154,nan,0.7570033073425293,0
1155,nan,0.4762495458126068,0
1156,nan,0.823954701423645,1
1157,nan,0.9007565975189209,1
1158,nan,0.8264831900596619,1
1159,nan,0.8134399056434631,1
1160,nan,0.6038208603858948,0
1161,nan,0.30993345379829407,1
1162,nan,0.3795403838157654,0
1163,nan,0.805789053440094,1
1164,nan,0.18410587310791016,0
1165,nan,0.921929657459259,1
1166,nan,0.6905906200408936,1
1167,nan,0.7299150228500366,0
1168,nan,0.204694002866745,0
1169,nan,0.9409016966819763,1
1170,nan,0.7876110076904297,1
1171,nan,0.40330806374549866,0
1172,nan,0.4299173355102539,0
1173,nan,0.6579993963241577,1
1174,nan,0.8336474895477295,1
1175,nan,0.4756041169166565,0
1176,nan,0.3358546793460846,0
1177,nan,0.5772265195846558,1
1178,nan,0.4550943374633789,0
1179,nan,0.6905804872512817,0
1180,nan,0.30217716097831726,0
1181,nan,0.48313626646995544,0
1182,nan,0.7685688734054565,1
1183,nan,0.31304436922073364,0
1184,nan,0.7777225971221924,1
1185,nan,0.7134910225868225,0
1186,nan,0.9113546013832092,0
1187,nan,0.5674378275871277,1
1188,nan,0.390613317489624,0
1189,nan,0.5206042528152466,0
1190,nan,0.47256332635879517,0
1191,nan,0.6706782579421997,0
1192,nan,0.5398591160774231,1
1193,nan,0.6073431372642517,0
1194,nan,0.4998840391635895,0
1195,nan,0.28006643056869507,0
1196,nan,0.87115478515625,1
1197,nan,0.778538703918457,1
1198,nan,0.2927444279193878,0
1199,nan,0.43711909651756287,1
1200,nan,0.7822701930999756,1
1201,nan,0.4017986059188843,1
1202,nan,0.49263110756874084,0
1203,nan,0.9714465141296387,1
1204,nan,0.7250887155532837,1
1205,nan,0.39831340312957764,0
1206,nan,0.9093775749206543,1
1207,nan,0.6690844297409058,0
1208,nan,0.38080233335494995,0
1209,nan,0.1876138150691986,0
1210,nan,0.3336666524410248,0
1211,nan,0.3520541191101074,0
1212,nan,0.5023424029350281,0
1213,nan,0.9159849882125854,1
1214,nan,0.8320028781890869,1
1215,nan,0.6278815269470215,1
1216,nan,0.8331137299537659,1
1217,nan,0.4537780284881592,1
1218,nan,0.5794700384140015,1
1219,nan,0.545811116695404,1
1220,nan,0.20763391256332397,1
1221,nan,0.4546635150909424,0
1222,nan,0.5828281044960022,0
1223,nan,0.5736932754516602,1
1224,nan,0.8051274418830872,0
1225,nan,0.19584280252456665,0
1226,nan,0.2827819585800171,0
1227,nan,0.8100482225418091,1
1228,nan,0.5672138929367065,1
1229,nan,0.5815868377685547,1
1230,nan,0.8082652688026428,0
1231,nan,0.6769263744354248,1
1232,nan,0.5307881832122803,1
1233,nan,0.7136298418045044,1
1234,nan,0.9099525213241577,0
1235,nan,0.8049519062042236,1
1236,nan,0.7517319917678833,0
1237,nan,0.5274770259857178,0
1238,nan,0.6214876174926758,0
1239,nan,0.9017175436019897,0
1240,nan,0.7309284210205078,1
1241,nan,0.915006160736084,1
1242,nan,0.7470902800559998,0
1243,nan,0.4572746753692627,1
1244,nan,0.8832449316978455,1
1245,nan,0.7599931955337524,1
1246,nan,0.4440918266773224,1
1247,nan,0.6039162278175354,0
1248,nan,0.5379936695098877,1
1249,nan,0.5435757040977478,0
1250,nan,0.4869423806667328,0
1251,nan,0.1875666081905365,0
1252,nan,0.9835857152938843,0
1253,nan,0.6168347597122192,0
1254,nan,0.450080931186676,0
1255,nan,0.5870397090911865,0
1256,nan,0.6581371426582336,0
1257,nan,0.8501960039138794,0
1258,nan,0.6683892011642456,1
1259,nan,0.8627834320068359,1
1260,nan,0.4524023234844208,0
1261,nan,0.6057209968566895,1
1262,nan,0.8806034922599792,0
1263,nan,0.4335773289203644,1
1264,nan,0.7276710271835327,0
1265,nan,0.9343443512916565,1
1266,nan,0.6200091242790222,1
1267,nan,0.6870704293251038,0
1268,nan,0.8166712522506714,1
1269,nan,0.31896159052848816,0
1270,nan,0.5653994679450989,1
1271,nan,0.2515498995780945,0
1272,nan,0.598290741443634,1
1273,nan,0.058069173246622086,0
1274,nan,0.7122889757156372,1
1275,nan,0.5805023908615112,1
1276,nan,0.7803062200546265,0
1277,nan,0.646243155002594,1
1278,nan,0.6990243196487427,1
1279,nan,0.8398051261901855,0
1280,nan,0.6133687496185303,1
1281,nan,0.7940647006034851,0
1282,nan,0.9348694086074829,0
1283,nan,0.5851210951805115,0
1284,nan,0.5730522274971008,1
1285,nan,0.9061415195465088,1
1286,nan,0.5111038684844971,0
1287,nan,0.7117898464202881,1
1288,nan,0.5803204774856567,1
1289,nan,0.8357360363006592,1
1290,nan,0.04504816234111786,0
1291,nan,0.8298827409744263,0
1292,nan,0.3908389210700989,1
1293,nan,0.5345394015312195,0
1294,nan,0.5457946062088013,0
1295,nan,0.6246455907821655,0
1296,nan,0.868929386138916,0
1297,nan,0.45704522728919983,0
1298,nan,0.5381715297698975,0
1299,nan,0.7629114389419556,1
1300,nan,0.8433189392089844,1
1301,nan,0.437016099691391,0
1302,nan,0.9759876728057861,1
1303,nan,0.5672189593315125,0
1304,nan,0.7147692441940308,0
1305,nan,0.1972632110118866,0
1306,nan,0.8902431726455688,1
1307,nan,0.8296447396278381,1
1308,nan,0.6442626714706421,0
1309,nan,0.47566288709640503,0
1310,nan,0.3867119550704956,0
1311,nan,0.27552637457847595,0
1312,nan,0.1678718775510788,1
1313,nan,0.636112630367279,1
1314,nan,0.37339478731155396,1
1315,nan,0.5204333066940308,0
1316,nan,0.5750046968460083,0
1317,nan,0.5287463068962097,1
1318,nan,0.486585795879364,1
1319,nan,0.8826034665107727,1
1320,nan,0.8403170704841614,1
1321,nan,0.7844481468200684,1
1322,nan,0.8396731019020081,0
1323,nan,0.4377566874027252,0
1324,nan,0.7092365026473999,0
1325,nan,0.8968740105628967,0
1326,nan,0.574906587600708,0
1327,nan,0.13524587452411652,0
1328,nan,0.2425646036863327,1
1329,nan,0.5032703876495361,0
1330,nan,0.34665924310684204,0
1331,nan,0.7960992455482483,1
1332,nan,0.4817246198654175,0
1333,nan,0.7655286192893982,1
1334,nan,0.6667990684509277,0
1335,nan,0.5057305693626404,0
1336,nan,0.5428311824798584,1
1337,nan,0.8681327104568481,1
1338,nan,0.8733925819396973,0
1339,nan,0.4496377408504486,0
1340,nan,0.9475145936012268,0
1341,nan,0.793287456035614,0
1342,nan,0.9100183844566345,1
1343,nan,0.11126656085252762,0
1344,nan,0.7792268395423889,1
1345,nan,0.6679279804229736,1
1346,nan,0.995842456817627,1
1347,nan,0.9107539057731628,1
1348,nan,0.8638791441917419,1
1349,nan,0.6908715963363647,1
1350,nan,0.1902022361755371,0
1351,nan,0.1911790370941162,1
1352,nan,0.599055826663971,1
1353,nan,0.8235650062561035,1
1354,nan,0.3489261269569397,0
1355,nan,0.4356326460838318,0
1356,nan,0.5773717164993286,0
1357,nan,0.7068938612937927,0
1358,nan,0.806321382522583,1
1359,nan,0.7931275963783264,1
1360,nan,0.7303013801574707,0
1361,nan,0.9456894397735596,1
1362,nan,0.8883971571922302,0
1363,nan,0.2254747897386551,0
1364,nan,0.8355261087417603,1
1365,nan,0.7816354036331177,1
1366,nan,0.3592957556247711,0
1367,nan,0.6717546582221985,1
1368,nan,0.4890632629394531,0
1369,nan,0.5044724345207214,0
1370,nan,0.2773052453994751,1
1371,nan,0.8810305595397949,0
1372,nan,0.5947838425636292,1
1373,nan,0.5628216862678528,1
1374,nan,0.6103360652923584,1
1375,nan,0.2376910299062729,1
1376,nan,0.4445958733558655,1
1377,nan,0.8127973079681396,1
1378,nan,0.8149387240409851,0
1379,nan,0.30576324462890625,0
1380,nan,0.7508281469345093,1
1381,nan,0.8370825052261353,1
1382,nan,0.6244711875915527,0
1383,nan,0.47495895624160767,1
1384,nan,0.6657969355583191,0
1385,nan,0.7174941301345825,1
1386,nan,0.8731533288955688,1
1387,nan,0.3223193287849426,1
1388,nan,0.38886016607284546,0
1389,nan,0.2778592109680176,1
1390,nan,0.5443283319473267,1
1391,nan,0.4373891055583954,0
1392,nan,0.5242414474487305,1
1393,nan,0.5190322399139404,1
1394,nan,0.9297304749488831,0
1395,nan,0.5435194969177246,0
1396,nan,0.33702507615089417,1
1397,nan,0.7699248194694519,1
1398,nan,0.582940399646759,0
1399,nan,0.5488911867141724,0
1400,nan,0.7401736378669739,1
1401,nan,0.9377502202987671,1
1402,nan,0.41350704431533813,1
1403,nan,0.658569872379303,0
1404,nan,0.23350775241851807,0
1405,nan,0.22757281363010406,0
1406,nan,0.40754228830337524,1
1407,nan,0.30131199955940247,0
1408,nan,0.2359202802181244,0
1409,nan,0.9266629815101624,1
1410,nan,0.5162671208381653,1
1411,nan,0.5444356203079224,1
1412,nan,0.4666723608970642,1
1413,nan,0.41252413392066956,0
1414,nan,0.5392536520957947,1
1415,nan,0.904981791973114,1
1416,nan,0.4538230299949646,0
1417,nan,0.13844525814056396,0
1418,nan,0.729610800743103,1
1419,nan,0.3416007161140442,0
1420,nan,0.6793186068534851,0
1421,nan,0.8319589495658875,1
1422,nan,0.5153833627700806,0
1423,nan,0.25078582763671875,1
1424,nan,0.2030889242887497,0
1425,nan,0.846021294593811,0
1426,nan,0.7033234238624573,0
1427,nan,0.39992791414260864,0
1428,nan,0.49440494179725647,1
1429,nan,0.5110127329826355,1
1430,nan,0.9081999659538269,1
1431,nan,0.7113195657730103,0
1432,nan,0.7660692930221558,0
1433,nan,0.03166396915912628,0
1434,nan,0.807349443435669,1
1435,nan,0.5572714805603027,1
1436,nan,0.6974469423294067,1
1437,nan,0.16774025559425354,1
1438,nan,0.8958478569984436,1
1439,nan,0.7426552176475525,0
1440,nan,0.8364111185073853,0
1441,nan,0.11745362728834152,0
1442,nan,0.6521452069282532,0
1443,nan,0.7611149549484253,1
1444,nan,0.2917911410331726,0
1445,nan,0.8492741584777832,0
1446,nan,0.7103699445724487,0
1447,nan,0.23659588396549225,0
1448,nan,0.6993131637573242,0
1449,nan,0.5724013447761536,1
1450,nan,0.6960183382034302,0
1451,nan,0.24242419004440308,1
1452,nan,0.7959710359573364,1
1453,nan,0.32593053579330444,0
1454,nan,0.2074110358953476,0
1455,nan,0.18113355338573456,0
1456,nan,0.9080259203910828,1
1457,nan,0.632585346698761,1
1458,nan,0.48286592960357666,1
1459,nan,0.3341176509857178,0
1460,nan,0.8081905841827393,0
1461,nan,0.6989203095436096,0
1462,nan,0.3053336441516876,0
1463,nan,0.3120732605457306,1
1464,nan,0.7157912850379944,1
1465,nan,0.44376692175865173,0
1466,nan,0.6226196885108948,0
1467,nan,0.8325347900390625,1
1468,nan,0.9460736513137817,1
1469,nan,0.448263943195343,1
1470,nan,0.46814149618148804,0
1471,nan,0.5498292446136475,0
1472,nan,0.38599300384521484,0
1473,nan,0.569002628326416,0
1474,nan,0.4819284677505493,1
1475,nan,0.4607350826263428,1
1476,nan,0.9291608929634094,1
1477,nan,0.5071169137954712,0
1478,nan,0.7509807348251343,0
1479,nan,0.45631837844848633,1
1480,nan,0.7231699824333191,1
1481,nan,0.7448188066482544,1
1482,nan,0.4560585916042328,0
1483,nan,0.8759580254554749,1
1484,nan,0.5714901089668274,1
1485,nan,0.39682823419570923,1
1486,nan,0.895336389541626,1
1487,nan,0.35982775688171387,1
1488,nan,0.7156027555465698,1
1489,nan,0.5612348318099976,1
1490,nan,0.289692223072052,1
1491,nan,0.726882815361023,0
1492,nan,0.5120617151260376,0
1493,nan,0.7573033571243286,1
1494,nan,0.5899844169616699,1
1495,nan,0.6098363399505615,1
1496,nan,0.4858275055885315,0
1497,nan,0.7154110670089722,0
1498,nan,0.137868270277977,1
1499,nan,0.6642207503318787,0
1500,nan,0.5544227361679077,0
1501,nan,0.12469778209924698,1
1502,nan,0.46569111943244934,0
1503,nan,0.1589273065328598,0
1504,nan,0.5729452967643738,1
1505,nan,0.3938365578651428,0
1506,nan,0.740775465965271,0
1507,nan,0.645439863204956,1
1508,nan,0.66197270154953,0
1509,nan,0.8493149876594543,1
1510,nan,0.7187988758087158,0
1511,nan,0.5218633413314819,0
1512,nan,0.7796911001205444,1
1513,nan,0.9604090452194214,1
1514,nan,0.5995883941650391,0
1515,nan,0.5799949169158936,0
1516,nan,0.7728456258773804,1
1517,nan,0.7404911518096924,1
1518,nan,0.3470432162284851,0
1519,nan,0.9257479906082153,1
1520,nan,0.8063827753067017,1
1521,nan,0.7801293134689331,0
1522,nan,0.783875048160553,0
1523,nan,0.5593289732933044,0
1524,nan,0.8401564359664917,1
1525,nan,0.33646562695503235,1
1526,nan,0.9309732913970947,1
1527,nan,0.8761880993843079,1
1528,nan,0.7965277433395386,1
1529,nan,0.5755350589752197,1
1530,nan,0.6277724504470825,1
1531,nan,0.44980955123901367,1
1532,nan,0.5578275918960571,1
1533,nan,0.683997392654419,1
1534,nan,0.6591471433639526,0
1535,nan,0.5687599182128906,1
1536,nan,0.567459225654602,0
1537,nan,0.895706832408905,1
1538,nan,0.7980384826660156,1
1539,nan,0.06214597076177597,1
1540,nan,0.4216712415218353,1
1541,nan,0.8895750641822815,0
1542,nan,0.0803939551115036,0
1543,nan,0.7834935188293457,0
1544,nan,0.7640635371208191,1
1545,nan,0.9105144739151001,0
1546,nan,0.5317625999450684,0
1547,nan,0.721642255783081,1
1548,nan,0.7388352155685425,0
1549,nan,0.7946673631668091,1
1550,nan,0.7853081822395325,1
1551,nan,0.7263944149017334,1
1552,nan,0.58316969871521,1
1553,nan,0.4155973494052887,0
1554,nan,0.5093570947647095,1
1555,nan,0.6378188729286194,1
1556,nan,0.4648299217224121,0
1557,nan,0.67134690284729,1
1558,nan,0.33571240305900574,0
1559,nan,0.7246412038803101,1
1560,nan,0.9172487258911133,1
1561,nan,0.7473143339157104,0
1562,nan,0.5931439399719238,0
1563,nan,0.43609583377838135,0
1564,nan,0.8481931090354919,1
1565,nan,0.6737277507781982,1
1566,nan,0.3011389970779419,0
1567,nan,0.42916417121887207,1
1568,nan,0.7614516615867615,0
1569,nan,0.5179538130760193,1
1570,nan,0.0419783852994442,0
1571,nan,0.08394406735897064,0
1572,nan,0.7468978762626648,1
1573,nan,0.3886604905128479,1
1574,nan,0.4842188358306885,1
1575,nan,0.43776845932006836,1
1576,nan,0.8026450872421265,0
1577,nan,0.26720383763313293,0
1578,nan,0.2361595630645752,0
1579,nan,0.3390004634857178,0
1580,nan,0.7322198748588562,1
1581,nan,0.22119629383087158,0
1582,nan,0.5728667378425598,0
1583,nan,0.5630525946617126,1
1584,nan,0.6987723708152771,1
1585,nan,0.35690438747406006,0
1586,nan,0.5589336156845093,0
1587,nan,0.6383718252182007,1
1588,nan,0.2865105867385864,0
1589,nan,0.42137858271598816,0
1590,nan,0.36576128005981445,0
1591,nan,0.5120059847831726,1
1592,nan,0.4685080945491791,0
1593,nan,0.3750056028366089,1
1594,nan,0.5552619099617004,0
1595,nan,0.6572666764259338,0
1596,nan,0.0917024090886116,0
1597,nan,0.9728121161460876,0
1598,nan,0.29931148886680603,1
1599,nan,0.10129423439502716,0
1600,nan,0.9574961066246033,1
1601,nan,0.7182309627532959,1
1602,nan,0.44885510206222534,0
1603,nan,0.5035144686698914,1
1604,nan,0.746039867401123,1
1605,nan,0.35025274753570557,0
1606,nan,0.7797274589538574,1
1607,nan,0.1384042203426361,0
1608,nan,0.6418901681900024,0
1609,nan,0.9474920034408569,1
1610,nan,0.8558915257453918,1
1611,nan,0.9041671752929688,1
1612,nan,0.7497251033782959,0
1613,nan,0.8275506496429443,0
1614,nan,0.9147996306419373,1
1615,nan,0.3832555115222931,0
1616,nan,0.42452049255371094,0
1617,nan,0.43725430965423584,1
1618,nan,0.06452246755361557,0
1619,nan,0.5907965302467346,1
1620,nan,0.28174322843551636,0
1621,nan,0.5811638236045837,0
1622,nan,0.6893737316131592,0
1623,nan,0.6585338711738586,0
1624,nan,0.172954261302948,0
1625,nan,0.19173219799995422,0
1626,nan,0.34616172313690186,0
1627,nan,0.5898122787475586,0
1628,nan,0.743384599685669,1
1629,nan,0.5975611209869385,0
1630,nan,0.3389231860637665,1
1631,nan,0.770474910736084,1
1632,nan,0.8298888802528381,0
1633,nan,0.8013455867767334,1
1634,nan,0.2852136492729187,0
1635,nan,0.7918996214866638,1
1636,nan,0.3195044994354248,1
1637,nan,0.5835416316986084,1
1638,nan,0.7714900970458984,0
1639,nan,0.6578698754310608,0
1640,nan,0.5460701584815979,1
1641,nan,0.5863832831382751,0
1642,nan,0.2628558278083801,0
1643,nan,0.5514048933982849,0
1644,nan,0.6158362627029419,1
1645,nan,0.7602443099021912,0
1646,nan,0.49017301201820374,0
1647,nan,0.8247179985046387,1
1648,nan,0.5091543197631836,0
1649,nan,0.3296111822128296,0
1650,nan,0.8035197257995605,1
1651,nan,0.9797886610031128,1
1652,nan,0.5787748098373413,1
1653,nan,0.2559473216533661,0
1654,nan,0.970194399356842,1
1655,nan,0.6397433280944824,0
1656,nan,0.3084404766559601,0
1657,nan,0.5219554901123047,0
1658,nan,0.8327571153640747,1
1659,nan,0.5420913100242615,0
1660,nan,0.16653579473495483,0
1661,nan,0.12921138107776642,0
1662,nan,0.47424209117889404,1
1663,nan,0.9185998439788818,1
1664,nan,0.8697175979614258,0
1665,nan,0.8471350073814392,1
1666,nan,0.8102854490280151,0
1667,nan,0.7865174412727356,1
1668,nan,0.8437111973762512,0
1669,nan,0.2510528564453125,0
1670,nan,0.70723557472229,1
1671,nan,0.9670441746711731,1
1672,nan,0.7884079217910767,0
1673,nan,0.9884623289108276,1
1674,nan,0.4017539322376251,0
1675,nan,0.2421894371509552,0
1676,nan,0.7494779229164124,0
1677,nan,0.8601570725440979,1
1678,nan,0.7114526033401489,1
1679,nan,0.9274563789367676,1
1680,nan,0.254841685295105,0
1681,nan,0.34718215465545654,0
1682,nan,0.7215226888656616,1
1683,nan,0.24208985269069672,0
1684,nan,0.6028480529785156,1
1685,nan,0.5257160663604736,1
1686,nan,0.14143213629722595,0
1687,nan,0.7428280115127563,0
1688,nan,0.8072807788848877,1
1689,nan,0.31680893898010254,0
1690,nan,0.43512991070747375,0
1691,nan,0.8353889584541321,1
1692,nan,0.4707444906234741,1
1693,nan,0.12050016969442368,0
1694,nan,0.5828571319580078,1
1695,nan,0.26216816902160645,0
1696,nan,0.966975748538971,1
1697,nan,0.4696609377861023,0
1698,nan,0.36251068115234375,1
1699,nan,0.45119667053222656,0
1700,nan,0.5888504981994629,0
1701,nan,0.2582775056362152,1
1702,nan,0.9090776443481445,1
1703,nan,0.7806995511054993,1
1704,nan,0.35367095470428467,0
1705,nan,0.5013762712478638,1
1706,nan,0.4077261984348297,1
1707,nan,0.29014328122138977,0
1708,nan,0.1985277682542801,1
1709,nan,0.29491835832595825,1
1710,nan,0.5939763188362122,1
1711,nan,0.11749434471130371,0
1712,nan,0.8089433312416077,1
1713,nan,0.4095309376716614,1
1714,nan,0.6139165759086609,0
1715,nan,0.7908192276954651,1
1716,nan,0.4642504155635834,0
1717,nan,0.7195633053779602,1
1718,nan,0.7684646248817444,1
1719,nan,0.41555479168891907,0
1720,nan,0.34527796506881714,0
1721,nan,0.15215858817100525,0
1722,nan,0.8094047904014587,0
1723,nan,0.7522580027580261,0
1724,nan,0.7886959910392761,0
1725,nan,0.7502345442771912,0
1726,nan,0.879260241985321,0
1727,nan,0.8562175035476685,1
1728,nan,0.49183598160743713,0
1729,nan,0.4306301176548004,1
1730,nan,0.3381781280040741,0
1731,nan,0.8708925247192383,1
1732,nan,0.7735286951065063,1
1733,nan,0.5799199938774109,1
1734,nan,0.8467577695846558,1
1735,nan,0.1565609574317932,1
1736,nan,0.8658735752105713,0
1737,nan,0.7303847074508667,1
1738,nan,0.4578610062599182,0
1739,nan,0.689275860786438,0
1740,nan,0.8667595386505127,0
1741,nan,0.31967493891716003,0
1742,nan,0.33312052488327026,0
1743,nan,0.8281086087226868,0
1744,nan,0.6319569945335388,0
1745,nan,0.42514467239379883,0
1746,nan,0.8827510476112366,1
1747,nan,0.39778321981430054,0
1748,nan,0.555464506149292,0
1749,nan,0.2736740708351135,0
1750,nan,0.7406744956970215,0
1751,nan,0.21249185502529144,0
1752,nan,0.1199537143111229,0
1753,nan,0.00945613719522953,0
1754,nan,0.8736914992332458,0
1755,nan,0.2614551782608032,1
1756,nan,0.7197903990745544,0
1757,nan,0.5753408074378967,0
1758,nan,0.38125693798065186,0
1759,nan,0.2169780731201172,0
1760,nan,0.33362722396850586,1
1761,nan,0.9424635171890259,1
1762,nan,0.6847296953201294,0
1763,nan,0.35460275411605835,0
1764,nan,0.3971417546272278,1
1765,nan,0.6500605344772339,0
1766,nan,0.5704585313796997,0
1767,nan,0.7811826467514038,1
1768,nan,0.4751535654067993,1
1769,nan,0.4987921118736267,1
1770,nan,0.16430097818374634,0
1771,nan,0.776048481464386,0
1772,nan,0.751496434211731,0
1773,nan,0.922879695892334,0
1774,nan,0.628264844417572,0
1775,nan,0.6229297518730164,0
1776,nan,0.7400513291358948,0
1777,nan,0.722037672996521,0
1778,nan,0.7062989473342896,0
1779,nan,0.34096160531044006,0
1780,nan,0.22500357031822205,0
1781,nan,0.3972533941268921,0
1782,nan,0.010326145216822624,0
1783,nan,0.07078779488801956,0
1784,nan,0.607155978679657,0
1785,nan,0.14865416288375854,1
1786,nan,0.7949039936065674,1
1787,nan,0.5949049592018127,0
1788,nan,0.39626702666282654,0
1789,nan,0.8465349674224854,1
1790,nan,0.6611214876174927,1
1791,nan,0.46210333704948425,1
1792,nan,0.6020586490631104,0
1793,nan,0.7197692394256592,0
1794,nan,0.23703068494796753,0
1795,nan,0.33618438243865967,0
1796,nan,0.846545398235321,1
1797,nan,0.05478221923112869,0
1798,nan,0.5417370200157166,1
1799,nan,0.6635117530822754,0
1800,nan,0.8401648998260498,0
1801,nan,0.684792160987854,1
1802,nan,0.5891837477684021,0
1803,nan,0.5023683309555054,0
1804,nan,0.871177077293396,1
1805,nan,0.6874656081199646,0
1806,nan,0.7940078973770142,1
1807,nan,0.5632268190383911,0
1808,nan,0.8771102428436279,1
1809,nan,0.0653301551938057,0
1810,nan,0.5715791583061218,1
1811,nan,0.8907585144042969,1
1812,nan,0.1357545405626297,0
1813,nan,0.42644864320755005,0
1814,nan,0.45934557914733887,0
1815,nan,0.5985226035118103,1
1816,nan,0.26032257080078125,0
1817,nan,0.2736208140850067,0
1818,nan,0.6570212841033936,1
1819,nan,0.5891495943069458,1
1820,nan,0.8065086603164673,1
1821,nan,0.7309065461158752,1
1822,nan,0.9022568464279175,1
1823,nan,0.9202101826667786,1
1824,nan,0.6828209757804871,0
1825,nan,0.4245346188545227,0
1826,nan,0.8423994779586792,0
1827,nan,0.41290754079818726,0
1828,nan,0.8313716650009155,1
1829,nan,0.579054057598114,0
1830,nan,0.7777464389801025,1
1831,nan,0.589350700378418,0
1832,nan,0.17095206677913666,1
1833,nan,0.24464550614356995,0
1834,nan,0.9507533311843872,1
1835,nan,0.49674880504608154,1
1836,nan,0.7793942093849182,1
1837,nan,0.9652978181838989,1
1838,nan,0.24963301420211792,0
1839,nan,0.8368342518806458,0
1840,nan,0.6240912675857544,1
1841,nan,0.49457889795303345,1
1842,nan,0.5722474455833435,0
1843,nan,0.2930116653442383,0
1844,nan,0.6751829385757446,1
1845,nan,0.851791501045227,1
1846,nan,0.36824727058410645,1
1847,nan,0.6411105394363403,1
1848,nan,0.2880174219608307,0
1849,nan,0.9120659232139587,1
1850,nan,0.09418198466300964,0
1851,nan,0.26187971234321594,1
1852,nan,0.0489865317940712,0
1853,nan,0.3416286110877991,0
1854,nan,0.9704832434654236,1
1855,nan,0.5215222239494324,1
1856,nan,0.9755221605300903,1
1857,nan,0.01430401112884283,0
1858,nan,0.4417163133621216,1
1859,nan,0.6596546769142151,1
1860,nan,0.33421170711517334,0
1861,nan,0.9476152658462524,0
1862,nan,0.608038067817688,0
1863,nan,0.8308166861534119,0
1864,nan,0.42450687289237976,1
1865,nan,0.5617541074752808,0
1866,nan,0.44752782583236694,0
1867,nan,0.5851179957389832,1
1868,nan,0.3408759832382202,0
1869,nan,0.7639040946960449,1
1870,nan,0.7124963998794556,0
1871,nan,0.5082657337188721,1
1872,nan,0.7927005887031555,0
1873,nan,0.386711448431015,0
1874,nan,0.6846622228622437,1
1875,nan,0.9620919227600098,1
1876,nan,0.7811880707740784,1
1877,nan,0.7080739736557007,1
1878,nan,0.7803205251693726,1
1879,nan,0.7383391857147217,1
1880,nan,0.3022998869419098,0
1881,nan,0.6197385191917419,1
1882,nan,0.8890688419342041,1
1883,nan,0.47677135467529297,0
1884,nan,0.7523943185806274,1
1885,nan,0.48734113574028015,0
1886,nan,0.728039026260376,1
1887,nan,0.15609708428382874,0
1888,nan,0.46458005905151367,0
1889,nan,0.914527952671051,0
1890,nan,0.8918691277503967,0
1891,nan,0.6067258715629578,0
1892,nan,0.4780799150466919,1
1893,nan,0.4271048903465271,0
1894,nan,0.3090202808380127,1
1895,nan,0.17352811992168427,0
1896,nan,0.6050844192504883,1
1897,nan,0.1091189980506897,1
1898,nan,0.690635621547699,1
1899,nan,0.9574108123779297,1
1900,nan,0.7666240930557251,0
1901,nan,0.6433944702148438,1
1902,nan,0.7208425998687744,1
1903,nan,0.7701623439788818,1
1904,nan,0.7738717794418335,0
1905,nan,0.7475606203079224,0
1906,nan,0.16949109733104706,0
1907,nan,0.7419307231903076,0
1908,nan,0.9625058770179749,1
1909,nan,0.4543432295322418,0
1910,nan,0.272982120513916,0
1911,nan,0.8339693546295166,0
1912,nan,0.8523225784301758,0
1913,nan,0.8480030298233032,0
1914,nan,0.7221472859382629,0
1915,nan,0.3200643062591553,0
1916,nan,0.6404860615730286,1
1917,nan,0.33083054423332214,1
1918,nan,0.7145882844924927,1
1919,nan,0.8301762938499451,1
1920,nan,0.8124831318855286,0
1921,nan,0.4956986606121063,0
1922,nan,0.20011074841022491,0
1923,nan,0.694067656993866,0
1924,nan,0.9014453291893005,1
1925,nan,0.5644832253456116,0
1926,nan,0.7407745122909546,1
1927,nan,0.2534482479095459,1
1928,nan,0.8629984855651855,0
1929,nan,0.6593073010444641,1
1930,nan,0.42655038833618164,1
1931,nan,0.7074341177940369,1
1932,nan,0.5556327700614929,1
1933,nan,0.49097803235054016,1
1934,nan,0.9920459985733032,1
1935,nan,0.7795859575271606,0
1936,nan,0.7920457124710083,1
1937,nan,0.8795546293258667,1
1938,nan,0.5098268985748291,1
1939,nan,0.8295102119445801,1
1940,nan,0.19442403316497803,0
1941,nan,0.6765385270118713,0
1942,nan,0.5759240984916687,0
1943,nan,0.5648657083511353,0
1944,nan,0.7004278898239136,1
1945,nan,0.6258293390274048,0
1946,nan,0.5588333010673523,0
1947,nan,0.5832119584083557,0
1948,nan,0.6036848425865173,1
1949,nan,0.07186111807823181,0
1950,nan,0.5342006087303162,1
1951,nan,0.3608323931694031,1
1952,nan,0.48647964000701904,1
1953,nan,0.6023349165916443,0
1954,nan,0.1489841192960739,1
1955,nan,0.776394248008728,1
1956,nan,0.45911118388175964,0
1957,nan,0.16162963211536407,0
1958,nan,0.7093216180801392,1
1959,nan,0.3704566955566406,0
1960,nan,0.3572268486022949,1
1961,nan,0.22087472677230835,0
1962,nan,0.3557053804397583,1
1963,nan,0.8796516060829163,1
1964,nan,0.4650874137878418,1
1965,nan,0.8306875824928284,1
1966,nan,0.5922210812568665,0
1967,nan,0.8019067049026489,1
1968,nan,0.4735662341117859,0
1969,nan,0.688188910484314,1
1970,nan,0.8607553243637085,1
1971,nan,0.7482808828353882,0
1972,nan,0.8594440817832947,1
1973,nan,0.7847040891647339,1
1974,nan,0.4630197286605835,0
1975,nan,0.3911220133304596,0
1976,nan,0.9688481092453003,1
1977,nan,0.6841684579849243,1
1978,nan,0.703819751739502,0
1979,nan,0.6548664569854736,0
1980,nan,0.5635431408882141,1
1981,nan,0.7655929327011108,0
1982,nan,0.6349698901176453,1
1983,nan,0.8635415434837341,0
1984,nan,0.6861929893493652,0
1985,nan,0.722159743309021,1
1986,nan,0.8445297479629517,0
1987,nan,0.8222711682319641,1
1988,nan,0.1285364180803299,0
1989,nan,0.7288946509361267,1
1990,nan,0.4837067425251007,1
1991,nan,0.12699007987976074,0
1992,nan,0.8595398664474487,0
1993,nan,0.1935516595840454,0
1994,nan,0.8878747820854187,0
1995,nan,0.8001671433448792,0
1996,nan,0.4339596927165985,0
1997,nan,0.5650443434715271,1
1998,nan,0.7150939702987671,0
1999,nan,0.712392270565033,0
