file,n_total,n_label_0,n_label_1,pred_mean_label_0,pred_mean_label_1,pred_median_label_0,pred_median_label_1,pred_gap_label1_minus_label0,distance_mean_label_0,distance_mean_label_1,distance_median_label_0,distance_median_label_1,distance_gap_label0_minus_label1
F_orig.csv,2000,1000,1000,0.5406876700026915,0.7161839104035971,0.5473900437355042,0.7559645771980286,0.1754962404009056,1.8808809687916945,1.3961753060095072,1.8847800880399435,1.459423097514002,0.4847056627821873
F_Standard_rewrite.csv,2000,1000,1000,0.5191918299114332,0.6887882920152042,0.5386273264884949,0.721504807472229,0.169596462103771,1.9497393421989755,1.5376596881922227,1.9014570931970418,1.5364186366316752,0.41207965400675284
F_Substantia_rewrite.csv,2000,1000,1000,0.5127083035943215,0.6632375184124103,0.5144207775592804,0.7067104876041412,0.15052921481808879,1.9615048806282758,1.6103288602306265,1.9474398086488285,1.5682604429828304,0.3511760203976493
H_orig.csv,2000,1000,1000,0.4969067378162872,0.7017533577699214,0.5019469559192657,0.7439988553524017,0.20484661995363423,1.9842079782607485,1.4321891775261515,1.9711230933953305,1.4866563610268,0.552018800734597
H_Standard_rewrite.csv,2000,1000,1000,0.49325106462184337,0.6701885468158871,0.5008337795734406,0.699426531791687,0.17693748219404376,2.0110136350858667,1.5873717838363632,1.973236996541212,1.5837097994706342,0.4236418512495035
H_Substantial_rewrite.csv,2000,1000,1000,0.48352427397144493,0.6441724992506206,0.5006969571113586,0.6763252019882202,0.16064822527917566,2.034768892401139,1.6598985840295148,1.9734968587998192,1.6318296819273619,0.37487030837162405
O_orig.csv,2000,1000,1000,0.47039257267219364,0.6912406663279981,0.4626833498477936,0.7322316765785217,0.22084809365580443,2.04885087639578,1.4551088999850845,2.0458947786423307,1.5129064301162187,0.5937419764106953
O_Standard_rewrite.csv,2000,1000,1000,0.45903965589741713,0.5961486205700784,0.45492058992385864,0.6195866763591766,0.13710896467266132,2.0768227409215543,1.7484463670635715,2.060758283318571,1.7455847990963616,0.3283763738579828
O_Substantial_rewrite.csv,2000,1000,1000,0.45226586264840446,0.5676643839641474,0.45063203573226923,0.5869281589984894,0.11539852131574296,2.1020087544768917,1.8284077129334433,2.0689858581498797,1.8090681470772894,0.27360104154344844
